project,platform_name,platform_id,chief_scientist,cruise_name,cruise_number,geographic_area,station,id,event_number,profile_direction,latitude,longitude,time,profile_start_time,profile_end_time,measurement_time,depth,PRESPR01,PSLTZZ01,PSALST01,TEMPPR01,CNDCST01,DOXYZZ01,DOXYZZ02,CPHLPR01,OPTCPS01,ScanNumber
,,,,,,,,,,,degrees_north,degrees_east,UTC,UTC,UTC,UTC,m,decibar,0.001,0.001,degree Celsius,S/m,ml/L,ml/L,mg/m^3,%,1.0
,,,Mike Power,Bay of Fundy,VIC2009057,,,CTD_VIC2009057_012_13_DN,12.0,downward,44.2673,-66.2497,2009-10-29T13:00:00Z,2009-10-29T13:00:00Z,,,0.9919488,1.0,31.8418,31.8418,10.0223,3.4922137,6.50753,,0.0981,,3019.0
,,,Mike Power,Bay of Fundy,VIC2009057,,,CTD_VIC2009057_012_13_UP,12.0,upward,44.2673,-66.2497,2009-10-29T13:00:00Z,2009-10-29T13:00:00Z,,,24.797274,25.0,32.0984,32.0984,10.0399,3.5201113,6.48451,,0.116,,4063.0
,,,Mike Power,Bay of Fundy,VIC2009057,,,CTD_VIC2009057_012_13_UP,12.0,upward,44.2673,-66.2497,2009-10-29T13:00:00Z,2009-10-29T13:00:00Z,,,25.789103,26.0,32.1415,32.1415,10.0121,3.521961,6.47028,,0.1178,,4054.0
,,,Mike Power,Bay of Fundy,VIC2009057,,,CTD_VIC2009057_012_13_UP,12.0,upward,44.2673,-66.2497,2009-10-29T13:00:00Z,2009-10-29T13:00:00Z,,,26.780926,27.0,32.1676,32.1676,10.0102,3.52441,6.4367,,0.1217,,4046.0
,,,Mike Power,Bay of Fundy,VIC2009057,,,CTD_VIC2009057_012_13_UP,12.0,upward,44.2673,-66.2497,2009-10-29T13:00:00Z,2009-10-29T13:00:00Z,,,27.772745,28.0,32.2369,32.2369,10.0309,3.5331097,6.40485,,0.1221,,4039.0
,,,Mike Power,Bay of Fundy,VIC2009057,,,CTD_VIC2009057_012_13_UP,12.0,upward,44.2673,-66.2497,2009-10-29T13:00:00Z,2009-10-29T13:00:00Z,,,28.764559,29.0,32.2708,32.2708,10.0441,3.5376608,6.38573,,0.1214,,4031.0
,,,Mike Power,Bay of Fundy,VIC2009057,,,CTD_VIC2009057_012_13_UP,12.0,upward,44.2673,-66.2497,2009-10-29T13:00:00Z,2009-10-29T13:00:00Z,,,29.756369,30.0,32.3134,32.3134,10.0648,3.5437362,6.37258,,0.1178,,4023.0
,,,Mike Power,Bay of Fundy,VIC2009057,,,CTD_VIC2009057_012_13_UP,12.0,upward,44.2673,-66.2497,2009-10-29T13:00:00Z,2009-10-29T13:00:00Z,,,30.748173,31.0,32.333,32.333,10.075,3.546609,6.36939,,0.1157,,4015.0
,,,Mike Power,Bay of Fundy,VIC2009057,,,CTD_VIC2009057_012_13_UP,12.0,upward,44.2673,-66.2497,2009-10-29T13:00:00Z,2009-10-29T13:00:00Z,,,32.731766,33.0,32.3531,32.3531,10.0837,3.5494475,6.35868,,0.1057,,3999.0
,,,Mike Power,Bay of Fundy,VIC2009057,,,CTD_VIC2009057_012_13_UP,12.0,upward,44.2673,-66.2497,2009-10-29T13:00:00Z,2009-10-29T13:00:00Z,,,33.723557,34.0,32.3562,32.3562,10.0846,3.5498714,6.36082,,0.105,,3991.0
,,,Mike Power,Bay of Fundy,VIC2009057,,,CTD_VIC2009057_012_13_UP,12.0,upward,44.2673,-66.2497,2009-10-29T13:00:00Z,2009-10-29T13:00:00Z,,,34.715343,35.0,32.3589,32.3589,10.0857,3.550274,6.35648,,0.1041,,3983.0
,,,Mike Power,Bay of Fundy,VIC2009057,,,CTD_VIC2009057_012_13_UP,12.0,upward,44.2673,-66.2497,2009-10-29T13:00:00Z,2009-10-29T13:00:00Z,,,35.707123,36.0,32.3619,32.3619,10.0875,3.5507705,6.35672,,0.1052,,3975.0
,,,Mike Power,Bay of Fundy,VIC2009057,,,CTD_VIC2009057_012_13_UP,12.0,upward,44.2673,-66.2497,2009-10-29T13:00:00Z,2009-10-29T13:00:00Z,,,36.6989,37.0,32.3694,32.3694,10.0911,3.551875,6.35192,,0.105,,3968.0
,,,Mike Power,Bay of Fundy,VIC2009057,,,CTD_VIC2009057_012_13_UP,12.0,upward,44.2673,-66.2497,2009-10-29T13:00:00Z,2009-10-29T13:00:00Z,,,37.690666,38.0,32.3776,32.3776,10.0963,3.553181,6.34831,,0.1073,,3959.0
,,,Mike Power,Bay of Fundy,VIC2009057,,,CTD_VIC2009057_012_13_UP,12.0,upward,44.2673,-66.2497,2009-10-29T13:00:00Z,2009-10-29T13:00:00Z,,,38.682434,39.0,32.3831,32.3831,10.0995,3.5540586,6.34974,,0.1109,,3950.0
,,,Mike Power,Bay of Fundy,VIC2009057,,,CTD_VIC2009057_012_13_UP,12.0,upward,44.2673,-66.2497,2009-10-29T13:00:00Z,2009-10-29T13:00:00Z,,,39.674194,40.0,32.3857,32.3857,10.1011,3.554491,6.34538,,0.1129,,3940.0
,,,Mike Power,Bay of Fundy,VIC2009057,,,CTD_VIC2009057_012_13_UP,12.0,upward,44.2673,-66.2497,2009-10-29T13:00:00Z,2009-10-29T13:00:00Z,,,40.66595,41.0,32.3889,32.3889,10.1032,3.5550435,6.34089,,0.1158,,3929.0
,,,Mike Power,Bay of Fundy,VIC2009057,,,CTD_VIC2009057_012_13_UP,12.0,upward,44.2673,-66.2497,2009-10-29T13:00:00Z,2009-10-29T13:00:00Z,,,41.657703,42.0,32.3914,32.3914,10.1047,3.5554628,6.34099,,0.1242,,3919.0
,,,Mike Power,Bay of Fundy,VIC2009057,,,CTD_VIC2009057_012_13_UP,12.0,upward,44.2673,-66.2497,2009-10-29T13:00:00Z,2009-10-29T13:00:00Z,,,42.64945,43.0,32.393,32.393,10.1063,3.5558054,6.33923,,0.1276,,3909.0
,,,Mike Power,Bay of Fundy,VIC2009057,,,CTD_VIC2009057_012_13_UP,12.0,upward,44.2673,-66.2497,2009-10-29T13:00:00Z,2009-10-29T13:00:00Z,,,43.64119,44.0,,,10.1068,,6.33497,,,,3898.0
,,,Mike Power,Bay of Fundy,VIC2009057,,,CTD_VIC2009057_012_13_UP,12.0,upward,44.2673,-66.2497,2009-10-29T13:00:00Z,2009-10-29T13:00:00Z,,,23.80544,24.0,32.0575,32.0575,10.0739,3.5190024,6.48407,,0.1154,,4070.0
,,,Mike Power,Bay of Fundy,VIC2009057,,,CTD_VIC2009057_012_13_UP,12.0,upward,44.2673,-66.2497,2009-10-29T13:00:00Z,2009-10-29T13:00:00Z,,,22.813602,23.0,32.0148,32.0148,10.1098,3.517881,6.4615,,0.1138,,4077.0
,,,Mike Power,Bay of Fundy,VIC2009057,,,CTD_VIC2009057_012_13_UP,12.0,upward,44.2673,-66.2497,2009-10-29T13:00:00Z,2009-10-29T13:00:00Z,,,21.82176,22.0,31.9777,31.9777,10.1332,3.5162153,6.45184,,0.1134,,4085.0
,,,Mike Power,Bay of Fundy,VIC2009057,,,CTD_VIC2009057_012_13_UP,12.0,upward,44.2673,-66.2497,2009-10-29T13:00:00Z,2009-10-29T13:00:00Z,,,20.829912,21.0,31.9462,31.9462,10.1427,3.5138776,6.4396,,0.116,,4095.0
,,,Mike Power,Bay of Fundy,VIC2009057,,,CTD_VIC2009057_012_13_UP,12.0,upward,44.2673,-66.2497,2009-10-29T13:00:00Z,2009-10-29T13:00:00Z,,,0.9919488,1.0,,,,,6.51547,,0.0529,,4305.0
,,,Mike Power,Bay of Fundy,VIC2009057,,,CTD_VIC2009057_012_13_UP,12.0,upward,44.2673,-66.2497,2009-10-29T13:00:00Z,2009-10-29T13:00:00Z,,,1.9838927,2.0,31.8417,31.8417,10.0226,3.4922652,6.44246,,0.1106,,4292.0
,,,Mike Power,Bay of Fundy,VIC2009057,,,CTD_VIC2009057_012_13_UP,12.0,upward,44.2673,-66.2497,2009-10-29T13:00:00Z,2009-10-29T13:00:00Z,,,2.975832,3.0,31.8421,31.8421,10.0226,3.4923508,6.48231,,0.1184,,4279.0
,,,Mike Power,Bay of Fundy,VIC2009057,,,CTD_VIC2009057_012_13_UP,12.0,upward,44.2673,-66.2497,2009-10-29T13:00:00Z,2009-10-29T13:00:00Z,,,3.9677663,4.0,31.8423,31.8423,10.0232,3.4924579,6.48642,,0.1337,,4269.0
,,,Mike Power,Bay of Fundy,VIC2009057,,,CTD_VIC2009057_012_13_UP,12.0,upward,44.2673,-66.2497,2009-10-29T13:00:00Z,2009-10-29T13:00:00Z,,,4.959696,5.0,31.8422,31.8422,10.0224,3.4924278,6.48052,,0.1422,,4256.0
,,,Mike Power,Bay of Fundy,VIC2009057,,,CTD_VIC2009057_012_13_UP,12.0,upward,44.2673,-66.2497,2009-10-29T13:00:00Z,2009-10-29T13:00:00Z,,,5.9516206,6.0,31.842,31.842,10.0195,3.4921968,6.48187,,0.1544,,4245.0
,,,Mike Power,Bay of Fundy,VIC2009057,,,CTD_VIC2009057_012_13_UP,12.0,upward,44.2673,-66.2497,2009-10-29T13:00:00Z,2009-10-29T13:00:00Z,,,6.94354,7.0,31.8413,31.8413,10.016,3.4918628,6.48602,,0.1552,,4235.0
,,,Mike Power,Bay of Fundy,VIC2009057,,,CTD_VIC2009057_012_13_UP,12.0,upward,44.2673,-66.2497,2009-10-29T13:00:00Z,2009-10-29T13:00:00Z,,,7.9354553,8.0,31.8413,31.8413,10.0166,3.4919612,6.48211,,0.1561,,4224.0
,,,Mike Power,Bay of Fundy,VIC2009057,,,CTD_VIC2009057_012_13_UP,12.0,upward,44.2673,-66.2497,2009-10-29T13:00:00Z,2009-10-29T13:00:00Z,,,8.927365,9.0,31.8424,31.8424,10.0193,3.4923422,6.47704,,0.147,,4214.0
,,,Mike Power,Bay of Fundy,VIC2009057,,,CTD_VIC2009057_012_13_UP,12.0,upward,44.2673,-66.2497,2009-10-29T13:00:00Z,2009-10-29T13:00:00Z,,,44.632927,45.0,,,10.1079,,6.33505,,,,3888.0
,,,Mike Power,Bay of Fundy,VIC2009057,,,CTD_VIC2009057_012_13_UP,12.0,upward,44.2673,-66.2497,2009-10-29T13:00:00Z,2009-10-29T13:00:00Z,,,9.9192705,10.0,31.844,31.844,10.0243,3.4929888,6.47211,,0.1467,,4199.0
,,,Mike Power,Bay of Fundy,VIC2009057,,,CTD_VIC2009057_012_13_UP,12.0,upward,44.2673,-66.2497,2009-10-29T13:00:00Z,2009-10-29T13:00:00Z,,,11.903068,12.0,31.8501,31.8501,10.0392,3.4949667,6.46525,,0.1358,,4177.0
,,,Mike Power,Bay of Fundy,VIC2009057,,,CTD_VIC2009057_012_13_UP,12.0,upward,44.2673,-66.2497,2009-10-29T13:00:00Z,2009-10-29T13:00:00Z,,,12.8949585,13.0,31.8533,31.8533,10.0462,3.4959385,6.46082,,0.1306,,4167.0
,,,Mike Power,Bay of Fundy,VIC2009057,,,CTD_VIC2009057_012_13_UP,12.0,upward,44.2673,-66.2497,2009-10-29T13:00:00Z,2009-10-29T13:00:00Z,,,13.886845,14.0,31.8591,31.8591,10.0588,3.4976468,6.45468,,0.1325,,4157.0
,,,Mike Power,Bay of Fundy,VIC2009057,,,CTD_VIC2009057_012_13_UP,12.0,upward,44.2673,-66.2497,2009-10-29T13:00:00Z,2009-10-29T13:00:00Z,,,14.878726,15.0,31.8617,31.8617,10.0636,3.498366,6.45922,,0.1326,,4148.0
,,,Mike Power,Bay of Fundy,VIC2009057,,,CTD_VIC2009057_012_13_UP,12.0,upward,44.2673,-66.2497,2009-10-29T13:00:00Z,2009-10-29T13:00:00Z,,,15.870603,16.0,31.8696,31.8696,10.0758,3.5002587,6.45259,,0.1401,,4138.0
,,,Mike Power,Bay of Fundy,VIC2009057,,,CTD_VIC2009057_012_13_UP,12.0,upward,44.2673,-66.2497,2009-10-29T13:00:00Z,2009-10-29T13:00:00Z,,,16.862474,17.0,31.8796,31.8796,10.0892,3.5024464,6.44247,,0.1273,,4130.0
,,,Mike Power,Bay of Fundy,VIC2009057,,,CTD_VIC2009057_012_13_UP,12.0,upward,44.2673,-66.2497,2009-10-29T13:00:00Z,2009-10-29T13:00:00Z,,,17.854342,18.0,31.8892,31.8892,10.0976,3.5041676,6.44016,,0.1162,,4123.0
,,,Mike Power,Bay of Fundy,VIC2009057,,,CTD_VIC2009057_012_13_UP,12.0,upward,44.2673,-66.2497,2009-10-29T13:00:00Z,2009-10-29T13:00:00Z,,,18.846203,19.0,31.9027,31.9027,10.1114,3.5067534,6.43723,,0.1163,,4114.0
,,,Mike Power,Bay of Fundy,VIC2009057,,,CTD_VIC2009057_012_13_UP,12.0,upward,44.2673,-66.2497,2009-10-29T13:00:00Z,2009-10-29T13:00:00Z,,,19.83806,20.0,31.9276,31.9276,10.1345,3.5112703,6.42763,,0.1167,,4105.0
,,,Mike Power,Bay of Fundy,VIC2009057,,,CTD_VIC2009057_012_13_UP,12.0,upward,44.2673,-66.2497,2009-10-29T13:00:00Z,2009-10-29T13:00:00Z,,,10.911172,11.0,31.847,31.847,10.0317,3.493965,6.46609,,0.1449,,4186.0
,,,Mike Power,Bay of Fundy,VIC2009057,,,CTD_VIC2009057_012_13_UP,12.0,upward,44.2673,-66.2497,2009-10-29T13:00:00Z,2009-10-29T13:00:00Z,,,45.62466,46.0,,,10.1084,,6.32963,,,,3883.0
,,,Mike Power,Bay of Fundy,VIC2009057,,,CTD_VIC2009057_012_13_UP,12.0,upward,44.2673,-66.2497,2009-10-29T13:00:00Z,2009-10-29T13:00:00Z,,,31.739971,32.0,32.3434,32.3434,10.0804,3.5481503,6.36524,,0.114,,4007.0
,,,Mike Power,Bay of Fundy,VIC2009057,,,CTD_VIC2009057_012_13_DN,12.0,downward,44.2673,-66.2497,2009-10-29T13:00:00Z,2009-10-29T13:00:00Z,,,45.62466,46.0,32.397,32.397,10.1081,3.5564861,6.33418,,0.1086,,3769.0
,,,Mike Power,Bay of Fundy,VIC2009057,,,CTD_VIC2009057_012_13_DN,12.0,downward,44.2673,-66.2497,2009-10-29T13:00:00Z,2009-10-29T13:00:00Z,,,20.829912,21.0,31.9152,31.9152,10.1425,3.5107865,6.44528,,0.1189,,3423.0
,,,Mike Power,Bay of Fundy,VIC2009057,,,CTD_VIC2009057_012_13_DN,12.0,downward,44.2673,-66.2497,2009-10-29T13:00:00Z,2009-10-29T13:00:00Z,,,19.83806,20.0,31.9028,31.9028,10.1264,3.508119,6.4574,,0.1165,,3404.0
,,,Mike Power,Bay of Fundy,VIC2009057,,,CTD_VIC2009057_012_13_DN,12.0,downward,44.2673,-66.2497,2009-10-29T13:00:00Z,2009-10-29T13:00:00Z,,,18.846203,19.0,31.883,31.883,10.0959,3.5034525,6.47068,,0.1263,,3381.0
,,,Mike Power,Bay of Fundy,VIC2009057,,,CTD_VIC2009057_012_13_DN,12.0,downward,44.2673,-66.2497,2009-10-29T13:00:00Z,2009-10-29T13:00:00Z,,,17.854342,18.0,31.8708,31.8708,10.0752,3.5003912,6.48134,,0.131,,3355.0
,,,Mike Power,Bay of Fundy,VIC2009057,,,CTD_VIC2009057_012_13_DN,12.0,downward,44.2673,-66.2497,2009-10-29T13:00:00Z,2009-10-29T13:00:00Z,,,16.862474,17.0,31.8552,31.8552,10.0466,3.4963284,6.49826,,0.1357,,3325.0
,,,Mike Power,Bay of Fundy,VIC2009057,,,CTD_VIC2009057_012_13_DN,12.0,downward,44.2673,-66.2497,2009-10-29T13:00:00Z,2009-10-29T13:00:00Z,,,15.870603,16.0,31.8462,31.8462,10.03,3.4939563,6.49757,,0.1404,,3304.0
,,,Mike Power,Bay of Fundy,VIC2009057,,,CTD_VIC2009057_012_13_DN,12.0,downward,44.2673,-66.2497,2009-10-29T13:00:00Z,2009-10-29T13:00:00Z,,,14.878726,15.0,31.845,31.845,10.0271,3.4935367,6.49525,,0.1415,,3283.0
,,,Mike Power,Bay of Fundy,VIC2009057,,,CTD_VIC2009057_012_13_DN,12.0,downward,44.2673,-66.2497,2009-10-29T13:00:00Z,2009-10-29T13:00:00Z,,,13.886845,14.0,31.8468,31.8468,10.0305,3.493965,6.49333,,0.1383,,3265.0
,,,Mike Power,Bay of Fundy,VIC2009057,,,CTD_VIC2009057_012_13_DN,12.0,downward,44.2673,-66.2497,2009-10-29T13:00:00Z,2009-10-29T13:00:00Z,,,12.8949585,13.0,31.8443,31.8443,10.0245,3.49316,6.49736,,0.1429,,3247.0
,,,Mike Power,Bay of Fundy,VIC2009057,,,CTD_VIC2009057_012_13_DN,12.0,downward,44.2673,-66.2497,2009-10-29T13:00:00Z,2009-10-29T13:00:00Z,,,21.82176,22.0,31.9239,31.9239,10.1504,3.5123792,6.43915,,0.1124,,3440.0
,,,Mike Power,Bay of Fundy,VIC2009057,,,CTD_VIC2009057_012_13_DN,12.0,downward,44.2673,-66.2497,2009-10-29T13:00:00Z,2009-10-29T13:00:00Z,,,11.903068,12.0,31.8418,31.8418,10.0207,3.4925392,6.50264,,0.1443,,3227.0
,,,Mike Power,Bay of Fundy,VIC2009057,,,CTD_VIC2009057_012_13_DN,12.0,downward,44.2673,-66.2497,2009-10-29T13:00:00Z,2009-10-29T13:00:00Z,,,46.616386,47.0,,,10.1083,3.5561438,,,,,3872.0
,,,Mike Power,Bay of Fundy,VIC2009057,,,CTD_VIC2009057_012_13_DN,12.0,downward,44.2673,-66.2497,2009-10-29T13:00:00Z,2009-10-29T13:00:00Z,,,8.927365,9.0,31.8422,31.8422,10.0234,3.4926848,6.49932,,0.1562,,3170.0
,,,Mike Power,Bay of Fundy,VIC2009057,,,CTD_VIC2009057_012_13_DN,12.0,downward,44.2673,-66.2497,2009-10-29T13:00:00Z,2009-10-29T13:00:00Z,,,7.9354553,8.0,31.8436,31.8436,10.0275,3.4931343,6.50137,,0.1524,,3150.0
,,,Mike Power,Bay of Fundy,VIC2009057,,,CTD_VIC2009057_012_13_DN,12.0,downward,44.2673,-66.2497,2009-10-29T13:00:00Z,2009-10-29T13:00:00Z,,,6.94354,7.0,31.8436,31.8436,10.0272,3.4930701,6.4989,,0.148,,3133.0
,,,Mike Power,Bay of Fundy,VIC2009057,,,CTD_VIC2009057_012_13_DN,12.0,downward,44.2673,-66.2497,2009-10-29T13:00:00Z,2009-10-29T13:00:00Z,,,5.9516206,6.0,31.8441,31.8441,10.026,3.4929674,6.50349,,0.1369,,3112.0
,,,Mike Power,Bay of Fundy,VIC2009057,,,CTD_VIC2009057_012_13_DN,12.0,downward,44.2673,-66.2497,2009-10-29T13:00:00Z,2009-10-29T13:00:00Z,,,4.959696,5.0,31.844,31.844,10.0247,3.4928048,,,0.1277,,3093.0
,,,Mike Power,Bay of Fundy,VIC2009057,,,CTD_VIC2009057_012_13_DN,12.0,downward,44.2673,-66.2497,2009-10-29T13:00:00Z,2009-10-29T13:00:00Z,,,3.9677663,4.0,31.8439,31.8439,10.024,3.4926934,6.5079,,0.1083,,3077.0
,,,Mike Power,Bay of Fundy,VIC2009057,,,CTD_VIC2009057_012_13_DN,12.0,downward,44.2673,-66.2497,2009-10-29T13:00:00Z,2009-10-29T13:00:00Z,,,2.975832,3.0,31.8431,31.8431,10.025,3.4926548,6.50644,,0.1055,,3059.0
,,,Mike Power,Bay of Fundy,VIC2009057,,,CTD_VIC2009057_012_13_DN,12.0,downward,44.2673,-66.2497,2009-10-29T13:00:00Z,2009-10-29T13:00:00Z,,,1.9838927,2.0,31.8427,31.8427,10.0234,3.4924364,6.50119,,0.1012,,3040.0
,,,Mike Power,Bay of Fundy,VIC2009057,,,CTD_VIC2009057_012_13_DN,12.0,downward,44.2673,-66.2497,2009-10-29T13:00:00Z,2009-10-29T13:00:00Z,,,10.911172,11.0,31.8413,31.8413,10.0196,3.492355,6.50231,,0.1477,,3207.0
,,,Mike Power,Bay of Fundy,VIC2009057,,,CTD_VIC2009057_012_13_DN,12.0,downward,44.2673,-66.2497,2009-10-29T13:00:00Z,2009-10-29T13:00:00Z,,,22.813602,23.0,31.937,31.937,10.1522,3.5138776,6.43814,,0.1108,,3457.0
,,,Mike Power,Bay of Fundy,VIC2009057,,,CTD_VIC2009057_012_13_DN,12.0,downward,44.2673,-66.2497,2009-10-29T13:00:00Z,2009-10-29T13:00:00Z,,,9.9192705,10.0,31.8412,31.8412,10.0204,3.492368,6.49977,,0.1501,,3189.0
,,,Mike Power,Bay of Fundy,VIC2009057,,,CTD_VIC2009057_012_13_DN,12.0,downward,44.2673,-66.2497,2009-10-29T13:00:00Z,2009-10-29T13:00:00Z,,,24.797274,25.0,31.9897,31.9897,10.1389,3.5180178,6.43362,,0.1227,,3487.0
,,,Mike Power,Bay of Fundy,VIC2009057,,,CTD_VIC2009057_012_13_DN,12.0,downward,44.2673,-66.2497,2009-10-29T13:00:00Z,2009-10-29T13:00:00Z,,,23.80544,24.0,31.959,31.959,10.1513,3.516027,6.43191,,0.1164,,3472.0
,,,Mike Power,Bay of Fundy,VIC2009057,,,CTD_VIC2009057_012_13_DN,12.0,downward,44.2673,-66.2497,2009-10-29T13:00:00Z,2009-10-29T13:00:00Z,,,44.632927,45.0,32.397,32.397,10.1078,3.5564263,6.33608,,0.1055,,3746.0
,,,Mike Power,Bay of Fundy,VIC2009057,,,CTD_VIC2009057_012_13_DN,12.0,downward,44.2673,-66.2497,2009-10-29T13:00:00Z,2009-10-29T13:00:00Z,,,43.64119,44.0,32.3951,32.3951,10.1066,3.5560794,6.33898,,0.1059,,3729.0
,,,Mike Power,Bay of Fundy,VIC2009057,,,CTD_VIC2009057_012_13_DN,12.0,downward,44.2673,-66.2497,2009-10-29T13:00:00Z,2009-10-29T13:00:00Z,,,42.64945,43.0,32.3933,32.3933,10.1052,3.555737,6.34362,,0.1058,,3714.0
,,,Mike Power,Bay of Fundy,VIC2009057,,,CTD_VIC2009057_012_13_DN,12.0,downward,44.2673,-66.2497,2009-10-29T13:00:00Z,2009-10-29T13:00:00Z,,,41.657703,42.0,32.3897,32.3897,10.103,3.5551462,6.34598,,0.1077,,3700.0
,,,Mike Power,Bay of Fundy,VIC2009057,,,CTD_VIC2009057_012_13_DN,12.0,downward,44.2673,-66.2497,2009-10-29T13:00:00Z,2009-10-29T13:00:00Z,,,39.674194,40.0,32.3765,32.3765,10.095,3.5530438,6.35636,,0.1069,,3675.0
,,,Mike Power,Bay of Fundy,VIC2009057,,,CTD_VIC2009057_012_13_DN,12.0,downward,44.2673,-66.2497,2009-10-29T13:00:00Z,2009-10-29T13:00:00Z,,,38.682434,39.0,32.3729,32.3729,10.0926,3.5524402,6.35847,,0.105,,3664.0
,,,Mike Power,Bay of Fundy,VIC2009057,,,CTD_VIC2009057_012_13_DN,12.0,downward,44.2673,-66.2497,2009-10-29T13:00:00Z,2009-10-29T13:00:00Z,,,37.690666,38.0,32.3644,32.3644,10.087,3.5510573,6.36514,,0.1092,,3652.0
,,,Mike Power,Bay of Fundy,VIC2009057,,,CTD_VIC2009057_012_13_DN,12.0,downward,44.2673,-66.2497,2009-10-29T13:00:00Z,2009-10-29T13:00:00Z,,,36.6989,37.0,32.3564,32.3564,10.0837,3.5499356,6.36812,,0.1129,,3640.0
,,,Mike Power,Bay of Fundy,VIC2009057,,,CTD_VIC2009057_012_13_DN,12.0,downward,44.2673,-66.2497,2009-10-29T13:00:00Z,2009-10-29T13:00:00Z,,,35.707123,36.0,32.3526,32.3526,10.083,3.5494604,6.37112,,0.1099,,3629.0
,,,Mike Power,Bay of Fundy,VIC2009057,,,CTD_VIC2009057_012_13_DN,12.0,downward,44.2673,-66.2497,2009-10-29T13:00:00Z,2009-10-29T13:00:00Z,,,40.66595,41.0,32.3841,32.3841,10.0996,3.5542512,6.35645,,0.1075,,3686.0
,,,Mike Power,Bay of Fundy,VIC2009057,,,CTD_VIC2009057_012_13_DN,12.0,downward,44.2673,-66.2497,2009-10-29T13:00:00Z,2009-10-29T13:00:00Z,,,33.723557,34.0,32.3403,32.3403,10.0797,3.5478592,6.38906,,0.1193,,3606.0
,,,Mike Power,Bay of Fundy,VIC2009057,,,CTD_VIC2009057_012_13_DN,12.0,downward,44.2673,-66.2497,2009-10-29T13:00:00Z,2009-10-29T13:00:00Z,,,32.731766,33.0,32.312,32.312,10.0633,3.5435863,6.4152,,0.1126,,3593.0
,,,Mike Power,Bay of Fundy,VIC2009057,,,CTD_VIC2009057_012_13_DN,12.0,downward,44.2673,-66.2497,2009-10-29T13:00:00Z,2009-10-29T13:00:00Z,,,31.739971,32.0,32.2811,32.2811,10.0454,3.5389154,6.43106,,0.1181,,3582.0
,,,Mike Power,Bay of Fundy,VIC2009057,,,CTD_VIC2009057_012_13_DN,12.0,downward,44.2673,-66.2497,2009-10-29T13:00:00Z,2009-10-29T13:00:00Z,,,30.748173,31.0,32.228,32.228,10.0242,3.531774,6.44561,,0.1203,,3571.0
,,,Mike Power,Bay of Fundy,VIC2009057,,,CTD_VIC2009057_012_13_DN,12.0,downward,44.2673,-66.2497,2009-10-29T13:00:00Z,2009-10-29T13:00:00Z,,,29.756369,30.0,32.1994,32.1994,10.0101,3.5276723,6.45916,,0.1206,,3561.0
,,,Mike Power,Bay of Fundy,VIC2009057,,,CTD_VIC2009057_012_13_DN,12.0,downward,44.2673,-66.2497,2009-10-29T13:00:00Z,2009-10-29T13:00:00Z,,,28.764559,29.0,32.1374,32.1374,9.9947,3.5201585,6.46652,,0.1186,,3547.0
,,,Mike Power,Bay of Fundy,VIC2009057,,,CTD_VIC2009057_012_13_DN,12.0,downward,44.2673,-66.2497,2009-10-29T13:00:00Z,2009-10-29T13:00:00Z,,,27.772745,28.0,32.1025,32.1025,10.0161,3.5185487,6.45612,,0.1199,,3532.0
,,,Mike Power,Bay of Fundy,VIC2009057,,,CTD_VIC2009057_012_13_DN,12.0,downward,44.2673,-66.2497,2009-10-29T13:00:00Z,2009-10-29T13:00:00Z,,,26.780926,27.0,32.051,32.051,10.0647,3.517684,6.43446,,0.1187,,3519.0
,,,Mike Power,Bay of Fundy,VIC2009057,,,CTD_VIC2009057_012_13_DN,12.0,downward,44.2673,-66.2497,2009-10-29T13:00:00Z,2009-10-29T13:00:00Z,,,34.715343,35.0,32.3466,32.3466,10.0823,3.5487626,6.37243,,0.1097,,3618.0
,,,Mike Power,Bay of Fundy,VIC2009057,,,CTD_VIC2009057_012_13_DN,12.0,downward,44.2673,-66.2497,2009-10-29T13:00:00Z,2009-10-29T13:00:00Z,,,25.789103,26.0,32.0154,32.0154,10.114,3.518433,6.4263,,0.1174,,3505.0
,,,Mike Power,Bay of Fundy,VIC2009057,,,CTD_VIC2009057_013_012_UP,13.0,upward,44.4,-66.1333,2009-10-29T15:33:00Z,2009-10-29T15:33:00Z,,,16.862268,17.0,32.2372,32.2372,9.737,3.5068605,6.43539,,0.1541,,3829.0
,,,Mike Power,Bay of Fundy,VIC2009057,,,CTD_VIC2009057_013_012_UP,13.0,upward,44.4,-66.1333,2009-10-29T15:33:00Z,2009-10-29T15:33:00Z,,,17.854122,18.0,32.2388,32.2388,9.737,3.5070531,6.43299,,0.1468,,3813.0
,,,Mike Power,Bay of Fundy,VIC2009057,,,CTD_VIC2009057_013_012_UP,13.0,upward,44.4,-66.1333,2009-10-29T15:33:00Z,2009-10-29T15:33:00Z,,,18.845972,19.0,32.2446,32.2446,9.7396,3.5078967,6.42364,,0.131,,3793.0
,,,Mike Power,Bay of Fundy,VIC2009057,,,CTD_VIC2009057_013_012_UP,13.0,upward,44.4,-66.1333,2009-10-29T15:33:00Z,2009-10-29T15:33:00Z,,,19.837818,20.0,32.263,32.263,9.7609,3.511613,6.41177,,0.1304,,3777.0
,,,Mike Power,Bay of Fundy,VIC2009057,,,CTD_VIC2009057_013_012_UP,13.0,upward,44.4,-66.1333,2009-10-29T15:33:00Z,2009-10-29T15:33:00Z,,,20.829659,21.0,32.2747,32.2747,9.7733,3.5138862,6.40966,,0.1366,,3760.0
,,,Mike Power,Bay of Fundy,VIC2009057,,,CTD_VIC2009057_013_012_UP,13.0,upward,44.4,-66.1333,2009-10-29T15:33:00Z,2009-10-29T15:33:00Z,,,21.821493,22.0,32.2884,32.2884,9.7897,3.5167162,6.40202,,0.1174,,3740.0
,,,Mike Power,Bay of Fundy,VIC2009057,,,CTD_VIC2009057_013_012_UP,13.0,upward,44.4,-66.1333,2009-10-29T15:33:00Z,2009-10-29T15:33:00Z,,,25.788788,26.0,32.3451,32.3451,9.8861,3.5309305,6.36121,,0.1154,,3673.0
,,,Mike Power,Bay of Fundy,VIC2009057,,,CTD_VIC2009057_013_012_UP,13.0,upward,44.4,-66.1333,2009-10-29T15:33:00Z,2009-10-29T15:33:00Z,,,23.80515,24.0,32.3154,32.3154,9.8318,3.5231512,6.37764,,0.1178,,3708.0
,,,Mike Power,Bay of Fundy,VIC2009057,,,CTD_VIC2009057_013_012_UP,13.0,upward,44.4,-66.1333,2009-10-29T15:33:00Z,2009-10-29T15:33:00Z,,,24.79697,25.0,32.3325,32.3325,9.8613,3.527471,6.36531,,0.1144,,3690.0
,,,Mike Power,Bay of Fundy,VIC2009057,,,CTD_VIC2009057_013_012_UP,13.0,upward,44.4,-66.1333,2009-10-29T15:33:00Z,2009-10-29T15:33:00Z,,,26.780598,27.0,32.3475,32.3475,9.8908,3.5316198,6.35915,,0.11,,3653.0
,,,Mike Power,Bay of Fundy,VIC2009057,,,CTD_VIC2009057_013_012_UP,13.0,upward,44.4,-66.1333,2009-10-29T15:33:00Z,2009-10-29T15:33:00Z,,,15.870408,16.0,32.236,32.236,9.736,3.5066037,6.43363,,0.1379,,3848.0
,,,Mike Power,Bay of Fundy,VIC2009057,,,CTD_VIC2009057_013_012_UP,13.0,upward,44.4,-66.1333,2009-10-29T15:33:00Z,2009-10-29T15:33:00Z,,,27.772406,28.0,32.3486,32.3486,9.8933,3.5319922,6.36384,,0.1162,,3629.0
,,,Mike Power,Bay of Fundy,VIC2009057,,,CTD_VIC2009057_013_012_UP,13.0,upward,44.4,-66.1333,2009-10-29T15:33:00Z,2009-10-29T15:33:00Z,,,22.813324,23.0,32.3007,32.3007,9.807,3.5194864,6.39107,,0.1172,,3722.0
,,,Mike Power,Bay of Fundy,VIC2009057,,,CTD_VIC2009057_013_012_UP,13.0,upward,44.4,-66.1333,2009-10-29T15:33:00Z,2009-10-29T15:33:00Z,,,14.878544,15.0,32.2352,32.2352,9.7353,3.506428,6.43668,,0.1392,,3866.0
,,,Mike Power,Bay of Fundy,VIC2009057,,,CTD_VIC2009057_013_012_UP,13.0,upward,44.4,-66.1333,2009-10-29T15:33:00Z,2009-10-29T15:33:00Z,,,3.9677176,4.0,32.2048,32.2048,9.74,3.5033882,6.46078,,0.174,,4049.0
,,,Mike Power,Bay of Fundy,VIC2009057,,,CTD_VIC2009057_013_012_UP,13.0,upward,44.4,-66.1333,2009-10-29T15:33:00Z,2009-10-29T15:33:00Z,,,12.8948,13.0,32.2325,32.2325,9.736,3.5061412,6.44289,,0.1692,,3899.0
,,,Mike Power,Bay of Fundy,VIC2009057,,,CTD_VIC2009057_013_012_UP,13.0,upward,44.4,-66.1333,2009-10-29T15:33:00Z,2009-10-29T15:33:00Z,,,11.902922,12.0,32.2311,32.2311,9.7358,3.5059357,6.44649,,0.186,,3915.0
,,,Mike Power,Bay of Fundy,VIC2009057,,,CTD_VIC2009057_013_012_UP,13.0,upward,44.4,-66.1333,2009-10-29T15:33:00Z,2009-10-29T15:33:00Z,,,10.911038,11.0,32.2303,32.2303,9.7352,3.5057645,6.45153,,0.1665,,3933.0
,,,Mike Power,Bay of Fundy,VIC2009057,,,CTD_VIC2009057_013_012_UP,13.0,upward,44.4,-66.1333,2009-10-29T15:33:00Z,2009-10-29T15:33:00Z,,,9.919149,10.0,32.2279,32.2279,9.733,3.5052977,6.44214,,0.165,,3949.0
,,,Mike Power,Bay of Fundy,VIC2009057,,,CTD_VIC2009057_013_012_UP,13.0,upward,44.4,-66.1333,2009-10-29T15:33:00Z,2009-10-29T15:33:00Z,,,8.927257,9.0,32.2175,32.2175,9.729,3.503885,6.45158,,0.1681,,3966.0
,,,Mike Power,Bay of Fundy,VIC2009057,,,CTD_VIC2009057_013_012_UP,13.0,upward,44.4,-66.1333,2009-10-29T15:33:00Z,2009-10-29T15:33:00Z,,,7.935358,8.0,32.2118,32.2118,9.7274,3.50314,6.44991,,0.163,,3983.0
,,,Mike Power,Bay of Fundy,VIC2009057,,,CTD_VIC2009057_013_012_UP,13.0,upward,44.4,-66.1333,2009-10-29T15:33:00Z,2009-10-29T15:33:00Z,,,6.943455,7.0,32.2096,32.2096,9.7277,3.5029087,6.45509,,0.1644,,3999.0
,,,Mike Power,Bay of Fundy,VIC2009057,,,CTD_VIC2009057_013_012_UP,13.0,upward,44.4,-66.1333,2009-10-29T15:33:00Z,2009-10-29T15:33:00Z,,,5.9515476,6.0,32.2086,32.2086,9.7295,3.5029216,6.45979,,0.1703,,4017.0
,,,Mike Power,Bay of Fundy,VIC2009057,,,CTD_VIC2009057_013_012_UP,13.0,upward,44.4,-66.1333,2009-10-29T15:33:00Z,2009-10-29T15:33:00Z,,,4.959635,5.0,32.2055,32.2055,9.7364,3.5031955,6.45598,,0.1737,,4032.0
,,,Mike Power,Bay of Fundy,VIC2009057,,,CTD_VIC2009057_013_012_UP,13.0,upward,44.4,-66.1333,2009-10-29T15:33:00Z,2009-10-29T15:33:00Z,,,2.9757955,3.0,32.2047,32.2047,9.7415,3.5034611,6.45631,,0.1484,,4067.0
,,,Mike Power,Bay of Fundy,VIC2009057,,,CTD_VIC2009057_013_012_UP,13.0,upward,44.4,-66.1333,2009-10-29T15:33:00Z,2009-10-29T15:33:00Z,,,1.9838685,2.0,32.2049,32.2049,9.738,3.50314,6.46024,,0.1509,,4084.0
,,,Mike Power,Bay of Fundy,VIC2009057,,,CTD_VIC2009057_013_012_UP,13.0,upward,44.4,-66.1333,2009-10-29T15:33:00Z,2009-10-29T15:33:00Z,,,0.9919366,1.0,,,,,6.69414,,0.1277,,4113.0
,,,Mike Power,Bay of Fundy,VIC2009057,,,CTD_VIC2009057_013_012_UP,13.0,upward,44.4,-66.1333,2009-10-29T15:33:00Z,2009-10-29T15:33:00Z,,,28.764208,29.0,32.3488,32.3488,9.8935,3.5320737,6.36722,,0.1146,,3605.0
,,,Mike Power,Bay of Fundy,VIC2009057,,,CTD_VIC2009057_013_012_UP,13.0,upward,44.4,-66.1333,2009-10-29T15:33:00Z,2009-10-29T15:33:00Z,,,13.886675,14.0,32.2337,32.2337,9.7359,3.5062869,6.44303,,0.1486,,3881.0
,,,Mike Power,Bay of Fundy,VIC2009057,,,CTD_VIC2009057_013_012_UP,13.0,upward,44.4,-66.1333,2009-10-29T15:33:00Z,2009-10-29T15:33:00Z,,,29.756004,30.0,32.3479,32.3479,9.8912,3.5318253,6.36578,,0.1153,,3567.0
,,,Mike Power,Bay of Fundy,VIC2009057,,,CTD_VIC2009057_013_012_DN,13.0,downward,44.4,-66.1333,2009-10-29T15:33:00Z,2009-10-29T15:33:00Z,,,16.862268,17.0,32.2392,32.2392,9.7382,3.5071602,6.44249,,0.1358,,3308.0
,,,Mike Power,Bay of Fundy,VIC2009057,,,CTD_VIC2009057_013_012_DN,13.0,downward,44.4,-66.1333,2009-10-29T15:33:00Z,2009-10-29T15:33:00Z,,,29.756004,30.0,32.3482,32.3482,9.8919,3.5319152,6.37339,,0.1156,,3514.0
,,,Mike Power,Bay of Fundy,VIC2009057,,,CTD_VIC2009057_013_012_DN,13.0,downward,44.4,-66.1333,2009-10-29T15:33:00Z,2009-10-29T15:33:00Z,,,30.747797,31.0,32.3518,32.3518,9.9006,3.5330756,6.36295,,0.1221,,3579.0
,,,Mike Power,Bay of Fundy,VIC2009057,,,CTD_VIC2009057_013_012_DN,13.0,downward,44.4,-66.1333,2009-10-29T15:33:00Z,2009-10-29T15:33:00Z,,,0.9919366,1.0,32.2051,32.2051,9.7357,3.502913,6.46822,,0.1675,,3091.0
,,,Mike Power,Bay of Fundy,VIC2009057,,,CTD_VIC2009057_013_012_DN,13.0,downward,44.4,-66.1333,2009-10-29T15:33:00Z,2009-10-29T15:33:00Z,,,1.9838685,2.0,32.2053,32.2053,9.7376,3.5031443,6.46605,,0.1669,,3111.0
,,,Mike Power,Bay of Fundy,VIC2009057,,,CTD_VIC2009057_013_012_DN,13.0,downward,44.4,-66.1333,2009-10-29T15:33:00Z,2009-10-29T15:33:00Z,,,2.9757955,3.0,32.2048,32.2048,9.738,3.50317,6.45941,,0.1587,,3119.0
,,,Mike Power,Bay of Fundy,VIC2009057,,,CTD_VIC2009057_013_012_DN,13.0,downward,44.4,-66.1333,2009-10-29T15:33:00Z,2009-10-29T15:33:00Z,,,3.9677176,4.0,32.2045,32.2045,9.7373,3.5031228,6.46406,,0.1685,,3127.0
,,,Mike Power,Bay of Fundy,VIC2009057,,,CTD_VIC2009057_013_012_DN,13.0,downward,44.4,-66.1333,2009-10-29T15:33:00Z,2009-10-29T15:33:00Z,,,4.959635,5.0,32.2077,32.2077,9.7259,3.5024765,6.46264,,0.1724,,3135.0
,,,Mike Power,Bay of Fundy,VIC2009057,,,CTD_VIC2009057_013_012_DN,13.0,downward,44.4,-66.1333,2009-10-29T15:33:00Z,2009-10-29T15:33:00Z,,,5.9515476,6.0,32.2077,32.2077,9.7257,3.5025063,6.45938,,0.1751,,3145.0
,,,Mike Power,Bay of Fundy,VIC2009057,,,CTD_VIC2009057_013_012_DN,13.0,downward,44.4,-66.1333,2009-10-29T15:33:00Z,2009-10-29T15:33:00Z,,,6.943455,7.0,32.209,32.209,9.7229,3.5024378,6.45888,,0.1923,,3157.0
,,,Mike Power,Bay of Fundy,VIC2009057,,,CTD_VIC2009057_013_012_DN,13.0,downward,44.4,-66.1333,2009-10-29T15:33:00Z,2009-10-29T15:33:00Z,,,7.935358,8.0,32.2107,32.2107,9.7203,3.5024078,6.45693,,0.2078,,3170.0
,,,Mike Power,Bay of Fundy,VIC2009057,,,CTD_VIC2009057_013_012_DN,13.0,downward,44.4,-66.1333,2009-10-29T15:33:00Z,2009-10-29T15:33:00Z,,,9.919149,10.0,32.2206,32.2206,9.7269,3.5040433,6.46006,,0.1722,,3193.0
,,,Mike Power,Bay of Fundy,VIC2009057,,,CTD_VIC2009057_013_012_DN,13.0,downward,44.4,-66.1333,2009-10-29T15:33:00Z,2009-10-29T15:33:00Z,,,10.911038,11.0,32.2274,32.2274,9.7333,3.5053105,6.45906,,0.1573,,3210.0
,,,Mike Power,Bay of Fundy,VIC2009057,,,CTD_VIC2009057_013_012_DN,13.0,downward,44.4,-66.1333,2009-10-29T15:33:00Z,2009-10-29T15:33:00Z,,,11.902922,12.0,32.2313,32.2313,9.7357,3.5059528,6.4564,,0.1586,,3226.0
,,,Mike Power,Bay of Fundy,VIC2009057,,,CTD_VIC2009057_013_012_DN,13.0,downward,44.4,-66.1333,2009-10-29T15:33:00Z,2009-10-29T15:33:00Z,,,12.8948,13.0,32.2339,32.2339,9.7375,3.5064025,6.45314,,0.1654,,3241.0
,,,Mike Power,Bay of Fundy,VIC2009057,,,CTD_VIC2009057_013_012_DN,13.0,downward,44.4,-66.1333,2009-10-29T15:33:00Z,2009-10-29T15:33:00Z,,,13.886675,14.0,32.2353,32.2353,9.7384,3.5066636,6.4489,,0.1689,,3260.0
,,,Mike Power,Bay of Fundy,VIC2009057,,,CTD_VIC2009057_013_012_DN,13.0,downward,44.4,-66.1333,2009-10-29T15:33:00Z,2009-10-29T15:33:00Z,,,8.927257,9.0,32.2149,32.2149,9.7215,3.5029645,6.45997,,0.1904,,3181.0
,,,Mike Power,Bay of Fundy,VIC2009057,,,CTD_VIC2009057_013_012_DN,13.0,downward,44.4,-66.1333,2009-10-29T15:33:00Z,2009-10-29T15:33:00Z,,,15.870408,16.0,32.2377,32.2377,9.7382,3.5069675,6.44894,,0.1454,,3290.0
,,,Mike Power,Bay of Fundy,VIC2009057,,,CTD_VIC2009057_013_012_DN,13.0,downward,44.4,-66.1333,2009-10-29T15:33:00Z,2009-10-29T15:33:00Z,,,28.764208,29.0,32.3442,32.3442,9.884,3.5307848,6.38049,,0.115,,3491.0
,,,Mike Power,Bay of Fundy,VIC2009057,,,CTD_VIC2009057_013_012_DN,13.0,downward,44.4,-66.1333,2009-10-29T15:33:00Z,2009-10-29T15:33:00Z,,,14.878544,15.0,32.2364,32.2364,9.7386,3.5068305,6.45226,,0.1649,,3274.0
,,,Mike Power,Bay of Fundy,VIC2009057,,,CTD_VIC2009057_013_012_DN,13.0,downward,44.4,-66.1333,2009-10-29T15:33:00Z,2009-10-29T15:33:00Z,,,26.780598,27.0,32.3347,32.3347,9.8618,3.5278137,6.40023,,0.1129,,3461.0
,,,Mike Power,Bay of Fundy,VIC2009057,,,CTD_VIC2009057_013_012_DN,13.0,downward,44.4,-66.1333,2009-10-29T15:33:00Z,2009-10-29T15:33:00Z,,,25.788788,26.0,32.3181,32.3181,9.8307,3.5234082,6.41538,,0.1096,,3446.0
,,,Mike Power,Bay of Fundy,VIC2009057,,,CTD_VIC2009057_013_012_DN,13.0,downward,44.4,-66.1333,2009-10-29T15:33:00Z,2009-10-29T15:33:00Z,,,24.79697,25.0,32.3168,32.3168,9.8294,3.523117,6.40668,,0.1144,,3431.0
,,,Mike Power,Bay of Fundy,VIC2009057,,,CTD_VIC2009057_013_012_DN,13.0,downward,44.4,-66.1333,2009-10-29T15:33:00Z,2009-10-29T15:33:00Z,,,23.80515,24.0,32.3139,32.3139,9.8247,3.5223763,6.41231,,0.1169,,3417.0
,,,Mike Power,Bay of Fundy,VIC2009057,,,CTD_VIC2009057_013_012_DN,13.0,downward,44.4,-66.1333,2009-10-29T15:33:00Z,2009-10-29T15:33:00Z,,,22.813324,23.0,32.3041,32.3041,9.8099,3.520073,6.42414,,0.1249,,3402.0
,,,Mike Power,Bay of Fundy,VIC2009057,,,CTD_VIC2009057_013_012_DN,13.0,downward,44.4,-66.1333,2009-10-29T15:33:00Z,2009-10-29T15:33:00Z,,,27.772406,28.0,32.3428,32.3428,9.8802,3.5302713,6.38477,,0.1126,,3476.0
,,,Mike Power,Bay of Fundy,VIC2009057,,,CTD_VIC2009057_013_012_DN,13.0,downward,44.4,-66.1333,2009-10-29T15:33:00Z,2009-10-29T15:33:00Z,,,20.829659,21.0,32.254,32.254,9.7507,3.509866,6.4422,,0.1366,,3372.0
,,,Mike Power,Bay of Fundy,VIC2009057,,,CTD_VIC2009057_013_012_DN,13.0,downward,44.4,-66.1333,2009-10-29T15:33:00Z,2009-10-29T15:33:00Z,,,19.837818,20.0,32.2472,32.2472,9.7433,3.5085132,6.43974,,0.1331,,3357.0
,,,Mike Power,Bay of Fundy,VIC2009057,,,CTD_VIC2009057_013_012_DN,13.0,downward,44.4,-66.1333,2009-10-29T15:33:00Z,2009-10-29T15:33:00Z,,,18.845972,19.0,32.242,32.242,9.7383,3.507524,6.43963,,0.1503,,3340.0
,,,Mike Power,Bay of Fundy,VIC2009057,,,CTD_VIC2009057_013_012_DN,13.0,downward,44.4,-66.1333,2009-10-29T15:33:00Z,2009-10-29T15:33:00Z,,,17.854122,18.0,32.2406,32.2406,9.7386,3.50737,6.44519,,0.1385,,3324.0
,,,Mike Power,Bay of Fundy,VIC2009057,,,CTD_VIC2009057_013_012_DN,13.0,downward,44.4,-66.1333,2009-10-29T15:33:00Z,2009-10-29T15:33:00Z,,,21.821493,22.0,32.2758,32.2758,9.7754,3.5142288,6.44244,,0.1383,,3385.0
,,,Mike Power,Bay of Fundy,VIC2009057,,,CTD_VIC2009057_031_012_UP,31.0,upward,44.4005,-66.13,2009-11-01T09:58:32Z,2009-11-01T09:58:32Z,,,19.837816,20.0,32.1159,32.1159,9.8188,3.5022538,6.58716,,0.1684,,3547.0
,,,Mike Power,Bay of Fundy,VIC2009057,,,CTD_VIC2009057_031_012_UP,31.0,upward,44.4005,-66.13,2009-11-01T09:58:32Z,2009-11-01T09:58:32Z,,,30.747795,31.0,32.1158,32.1158,9.8193,3.5027547,6.54208,,0.1924,,3432.0
,,,Mike Power,Bay of Fundy,VIC2009057,,,CTD_VIC2009057_031_012_UP,31.0,upward,44.4005,-66.13,2009-11-01T09:58:32Z,2009-11-01T09:58:32Z,,,20.829657,21.0,32.1159,32.1159,9.819,3.5023222,6.58173,,0.1692,,3537.0
,,,Mike Power,Bay of Fundy,VIC2009057,,,CTD_VIC2009057_031_012_UP,31.0,upward,44.4005,-66.13,2009-11-01T09:58:32Z,2009-11-01T09:58:32Z,,,21.821493,22.0,32.1162,32.1162,9.8189,3.502382,6.58043,,0.1806,,3526.0
,,,Mike Power,Bay of Fundy,VIC2009057,,,CTD_VIC2009057_031_012_UP,31.0,upward,44.4005,-66.13,2009-11-01T09:58:32Z,2009-11-01T09:58:32Z,,,22.813322,23.0,32.1165,32.1165,9.8188,3.5024335,6.58141,,0.1916,,3515.0
,,,Mike Power,Bay of Fundy,VIC2009057,,,CTD_VIC2009057_031_012_UP,31.0,upward,44.4005,-66.13,2009-11-01T09:58:32Z,2009-11-01T09:58:32Z,,,23.80515,24.0,32.1164,32.1164,9.8185,3.5024464,6.58189,,0.1871,,3508.0
,,,Mike Power,Bay of Fundy,VIC2009057,,,CTD_VIC2009057_031_012_UP,31.0,upward,44.4005,-66.13,2009-11-01T09:58:32Z,2009-11-01T09:58:32Z,,,25.788786,26.0,32.1166,32.1166,9.8191,3.5026004,6.5874,,0.1939,,3493.0
,,,Mike Power,Bay of Fundy,VIC2009057,,,CTD_VIC2009057_031_012_UP,31.0,upward,44.4005,-66.13,2009-11-01T09:58:32Z,2009-11-01T09:58:32Z,,,26.780598,27.0,32.1165,32.1165,9.8191,3.502639,6.5821,,0.1822,,3482.0
,,,Mike Power,Bay of Fundy,VIC2009057,,,CTD_VIC2009057_031_012_UP,31.0,upward,44.4005,-66.13,2009-11-01T09:58:32Z,2009-11-01T09:58:32Z,,,27.772404,28.0,32.1164,32.1164,9.8194,3.5026903,6.58153,,0.1806,,3471.0
,,,Mike Power,Bay of Fundy,VIC2009057,,,CTD_VIC2009057_031_012_UP,31.0,upward,44.4005,-66.13,2009-11-01T09:58:32Z,2009-11-01T09:58:32Z,,,28.764206,29.0,32.1163,32.1163,9.8195,3.5027375,6.57968,,0.1846,,3461.0
,,,Mike Power,Bay of Fundy,VIC2009057,,,CTD_VIC2009057_031_012_UP,31.0,upward,44.4005,-66.13,2009-11-01T09:58:32Z,2009-11-01T09:58:32Z,,,29.756002,30.0,32.1165,32.1165,9.8193,3.5027761,6.58207,,0.1899,,3450.0
,,,Mike Power,Bay of Fundy,VIC2009057,,,CTD_VIC2009057_031_012_UP,31.0,upward,44.4005,-66.13,2009-11-01T09:58:32Z,2009-11-01T09:58:32Z,,,18.845972,19.0,32.1149,32.1149,9.8195,3.5021765,6.58312,,0.1708,,3555.0
,,,Mike Power,Bay of Fundy,VIC2009057,,,CTD_VIC2009057_031_012_UP,31.0,upward,44.4005,-66.13,2009-11-01T09:58:32Z,2009-11-01T09:58:32Z,,,24.79697,25.0,32.1165,32.1165,9.8185,3.502502,6.58281,,0.189,,3501.0
,,,Mike Power,Bay of Fundy,VIC2009057,,,CTD_VIC2009057_031_012_UP,31.0,upward,44.4005,-66.13,2009-11-01T09:58:32Z,2009-11-01T09:58:32Z,,,17.854122,18.0,32.1112,32.1112,9.8231,3.5020866,6.58167,,0.1689,,3564.0
,,,Mike Power,Bay of Fundy,VIC2009057,,,CTD_VIC2009057_031_012_UP,31.0,upward,44.4005,-66.13,2009-11-01T09:58:32Z,2009-11-01T09:58:32Z,,,3.9677174,4.0,32.0116,32.0116,9.8222,3.4916272,6.55472,,0.2271,,3693.0
,,,Mike Power,Bay of Fundy,VIC2009057,,,CTD_VIC2009057_031_012_UP,31.0,upward,44.4005,-66.13,2009-11-01T09:58:32Z,2009-11-01T09:58:32Z,,,15.870407,16.0,32.0977,32.0977,9.8284,3.5011363,6.57924,,0.167,,3582.0
,,,Mike Power,Bay of Fundy,VIC2009057,,,CTD_VIC2009057_031_012_UP,31.0,upward,44.4005,-66.13,2009-11-01T09:58:32Z,2009-11-01T09:58:32Z,,,14.878543,15.0,32.0895,32.0895,9.8301,3.5004385,6.57029,,0.1727,,3591.0
,,,Mike Power,Bay of Fundy,VIC2009057,,,CTD_VIC2009057_031_012_UP,31.0,upward,44.4005,-66.13,2009-11-01T09:58:32Z,2009-11-01T09:58:32Z,,,13.886674,14.0,32.0848,32.0848,9.8306,3.499976,6.56472,,0.1808,,3599.0
,,,Mike Power,Bay of Fundy,VIC2009057,,,CTD_VIC2009057_031_012_UP,31.0,upward,44.4005,-66.13,2009-11-01T09:58:32Z,2009-11-01T09:58:32Z,,,12.8948,13.0,32.0818,32.0818,9.8298,3.499565,6.56107,,0.1863,,3610.0
,,,Mike Power,Bay of Fundy,VIC2009057,,,CTD_VIC2009057_031_012_UP,31.0,upward,44.4005,-66.13,2009-11-01T09:58:32Z,2009-11-01T09:58:32Z,,,11.902921,12.0,32.0794,32.0794,9.8284,3.4991667,6.55559,,0.177,,3620.0
,,,Mike Power,Bay of Fundy,VIC2009057,,,CTD_VIC2009057_031_012_UP,31.0,upward,44.4005,-66.13,2009-11-01T09:58:32Z,2009-11-01T09:58:32Z,,,10.911037,11.0,32.0758,32.0758,9.8261,3.4985716,6.54396,,0.1666,,3630.0
,,,Mike Power,Bay of Fundy,VIC2009057,,,CTD_VIC2009057_031_012_UP,31.0,upward,44.4005,-66.13,2009-11-01T09:58:32Z,2009-11-01T09:58:32Z,,,9.919149,10.0,32.0705,32.0705,9.8226,3.4977026,6.54569,,0.1769,,3638.0
,,,Mike Power,Bay of Fundy,VIC2009057,,,CTD_VIC2009057_031_012_UP,31.0,upward,44.4005,-66.13,2009-11-01T09:58:32Z,2009-11-01T09:58:32Z,,,8.927256,9.0,32.0682,32.0682,9.8209,3.4972916,6.51321,,0.1817,,3646.0
,,,Mike Power,Bay of Fundy,VIC2009057,,,CTD_VIC2009057_031_012_UP,31.0,upward,44.4005,-66.13,2009-11-01T09:58:32Z,2009-11-01T09:58:32Z,,,7.9353576,8.0,32.0617,32.0617,9.8188,3.4964225,6.49836,,0.184,,3654.0
,,,Mike Power,Bay of Fundy,VIC2009057,,,CTD_VIC2009057_031_012_UP,31.0,upward,44.4005,-66.13,2009-11-01T09:58:32Z,2009-11-01T09:58:32Z,,,6.9434547,7.0,32.0425,32.0425,9.8165,3.4942904,6.52099,,0.2068,,3665.0
,,,Mike Power,Bay of Fundy,VIC2009057,,,CTD_VIC2009057_031_012_UP,31.0,upward,44.4005,-66.13,2009-11-01T09:58:32Z,2009-11-01T09:58:32Z,,,5.951547,6.0,32.0348,32.0348,9.8176,3.4935925,6.53537,,0.2178,,3677.0
,,,Mike Power,Bay of Fundy,VIC2009057,,,CTD_VIC2009057_031_012_UP,31.0,upward,44.4005,-66.13,2009-11-01T09:58:32Z,2009-11-01T09:58:32Z,,,4.959635,5.0,32.0223,32.0223,9.8201,3.4925349,6.54193,,0.2157,,3686.0
,,,Mike Power,Bay of Fundy,VIC2009057,,,CTD_VIC2009057_031_012_UP,31.0,upward,44.4005,-66.13,2009-11-01T09:58:32Z,2009-11-01T09:58:32Z,,,31.739582,32.0,32.1147,32.1147,9.819,3.5026648,6.5063,,0.2121,,3421.0
,,,Mike Power,Bay of Fundy,VIC2009057,,,CTD_VIC2009057_031_012_UP,31.0,upward,44.4005,-66.13,2009-11-01T09:58:32Z,2009-11-01T09:58:32Z,,,2.9757953,3.0,32.0045,32.0045,9.8256,3.4911864,6.56145,,0.2296,,3701.0
,,,Mike Power,Bay of Fundy,VIC2009057,,,CTD_VIC2009057_031_012_UP,31.0,upward,44.4005,-66.13,2009-11-01T09:58:32Z,2009-11-01T09:58:32Z,,,16.862267,17.0,32.1089,32.1089,9.8248,3.501967,6.58669,,0.1675,,3573.0
,,,Mike Power,Bay of Fundy,VIC2009057,,,CTD_VIC2009057_031_012_DN,31.0,downward,44.4005,-66.13,2009-11-01T09:58:32Z,2009-11-01T09:58:32Z,,,32.731365,33.0,32.1113,32.1113,9.819,3.502382,,,0.1898,,3400.0
,,,Mike Power,Bay of Fundy,VIC2009057,,,CTD_VIC2009057_031_012_DN,31.0,downward,44.4005,-66.13,2009-11-01T09:58:32Z,2009-11-01T09:58:32Z,,,17.854122,18.0,32.0861,32.0861,9.8315,3.5003529,6.57031,,0.2095,,3143.0
,,,Mike Power,Bay of Fundy,VIC2009057,,,CTD_VIC2009057_031_012_DN,31.0,downward,44.4005,-66.13,2009-11-01T09:58:32Z,2009-11-01T09:58:32Z,,,30.747795,31.0,32.1166,32.1166,9.8188,3.5027845,6.57705,,0.1998,,3328.0
,,,Mike Power,Bay of Fundy,VIC2009057,,,CTD_VIC2009057_031_012_UP,31.0,upward,44.4005,-66.13,2009-11-01T09:58:32Z,2009-11-01T09:58:32Z,,,1.9838684,2.0,32.0004,32.0004,9.8283,3.4909723,6.55281,,0.2131,,3712.0
,,,Mike Power,Bay of Fundy,VIC2009057,,,CTD_VIC2009057_031_012_DN,31.0,downward,44.4005,-66.13,2009-11-01T09:58:32Z,2009-11-01T09:58:32Z,,,0.99193656,1.0,31.9986,31.9986,9.8289,3.4908137,6.62381,,0.2076,,2896.0
,,,Mike Power,Bay of Fundy,VIC2009057,,,CTD_VIC2009057_031_012_DN,31.0,downward,44.4005,-66.13,2009-11-01T09:58:32Z,2009-11-01T09:58:32Z,,,1.9838684,2.0,31.9978,31.9978,9.8297,3.490848,6.62428,,0.2002,,2918.0
,,,Mike Power,Bay of Fundy,VIC2009057,,,CTD_VIC2009057_031_012_DN,31.0,downward,44.4005,-66.13,2009-11-01T09:58:32Z,2009-11-01T09:58:32Z,,,2.9757953,3.0,31.998,31.998,9.8298,3.490908,6.61911,,0.1909,,2934.0
,,,Mike Power,Bay of Fundy,VIC2009057,,,CTD_VIC2009057_031_012_DN,31.0,downward,44.4005,-66.13,2009-11-01T09:58:32Z,2009-11-01T09:58:32Z,,,3.9677174,4.0,31.9983,31.9983,9.8305,3.491045,6.6219,,0.2039,,2947.0
,,,Mike Power,Bay of Fundy,VIC2009057,,,CTD_VIC2009057_031_012_DN,31.0,downward,44.4005,-66.13,2009-11-01T09:58:32Z,2009-11-01T09:58:32Z,,,4.959635,5.0,32.0009,32.0009,9.8279,3.491122,6.62219,,0.2138,,2958.0
,,,Mike Power,Bay of Fundy,VIC2009057,,,CTD_VIC2009057_031_012_DN,31.0,downward,44.4005,-66.13,2009-11-01T09:58:32Z,2009-11-01T09:58:32Z,,,5.951547,6.0,32.0024,32.0024,9.8268,3.491212,6.61338,,0.2227,,2979.0
,,,Mike Power,Bay of Fundy,VIC2009057,,,CTD_VIC2009057_031_012_DN,31.0,downward,44.4005,-66.13,2009-11-01T09:58:32Z,2009-11-01T09:58:32Z,,,6.9434547,7.0,32.014,32.014,9.8211,3.491897,6.61043,,0.2177,,2996.0
,,,Mike Power,Bay of Fundy,VIC2009057,,,CTD_VIC2009057_031_012_DN,31.0,downward,44.4005,-66.13,2009-11-01T09:58:32Z,2009-11-01T09:58:32Z,,,7.9353576,8.0,32.028,32.028,9.8157,3.4928474,6.59882,,0.2163,,3004.0
,,,Mike Power,Bay of Fundy,VIC2009057,,,CTD_VIC2009057_031_012_DN,31.0,downward,44.4005,-66.13,2009-11-01T09:58:32Z,2009-11-01T09:58:32Z,,,8.927256,9.0,32.0479,32.0479,9.8159,3.4948597,6.58824,,0.2057,,3016.0
,,,Mike Power,Bay of Fundy,VIC2009057,,,CTD_VIC2009057_031_012_DN,31.0,downward,44.4005,-66.13,2009-11-01T09:58:32Z,2009-11-01T09:58:32Z,,,9.919149,10.0,32.0671,32.0671,9.8183,3.4969919,6.57389,,0.2011,,3034.0
,,,Mike Power,Bay of Fundy,VIC2009057,,,CTD_VIC2009057_031_012_DN,31.0,downward,44.4005,-66.13,2009-11-01T09:58:32Z,2009-11-01T09:58:32Z,,,10.911037,11.0,32.0755,32.0755,9.8196,3.497968,6.57387,,0.201,,3046.0
,,,Mike Power,Bay of Fundy,VIC2009057,,,CTD_VIC2009057_031_012_DN,31.0,downward,44.4005,-66.13,2009-11-01T09:58:32Z,2009-11-01T09:58:32Z,,,11.902921,12.0,32.0821,32.0821,9.8276,3.4993722,6.56523,,0.2005,,3057.0
,,,Mike Power,Bay of Fundy,VIC2009057,,,CTD_VIC2009057_031_012_DN,31.0,downward,44.4005,-66.13,2009-11-01T09:58:32Z,2009-11-01T09:58:32Z,,,12.8948,13.0,32.0828,32.0828,9.8285,3.4995522,6.56779,,0.2038,,3072.0
,,,Mike Power,Bay of Fundy,VIC2009057,,,CTD_VIC2009057_031_012_DN,31.0,downward,44.4005,-66.13,2009-11-01T09:58:32Z,2009-11-01T09:58:32Z,,,31.739582,32.0,32.1158,32.1158,9.8186,3.5027418,6.57651,,0.1864,,3340.0
,,,Mike Power,Bay of Fundy,VIC2009057,,,CTD_VIC2009057_031_012_DN,31.0,downward,44.4005,-66.13,2009-11-01T09:58:32Z,2009-11-01T09:58:32Z,,,13.886674,14.0,32.0824,32.0824,9.8286,3.499565,6.56708,,0.1915,,3089.0
,,,Mike Power,Bay of Fundy,VIC2009057,,,CTD_VIC2009057_031_012_DN,31.0,downward,44.4005,-66.13,2009-11-01T09:58:32Z,2009-11-01T09:58:32Z,,,15.870407,16.0,32.0828,32.0828,9.8295,3.499766,6.56885,,0.1921,,3116.0
,,,Mike Power,Bay of Fundy,VIC2009057,,,CTD_VIC2009057_031_012_DN,31.0,downward,44.4005,-66.13,2009-11-01T09:58:32Z,2009-11-01T09:58:32Z,,,16.862267,17.0,32.0844,32.0844,9.8307,3.50007,6.56956,,0.2002,,3131.0
,,,Mike Power,Bay of Fundy,VIC2009057,,,CTD_VIC2009057_031_012_DN,31.0,downward,44.4005,-66.13,2009-11-01T09:58:32Z,2009-11-01T09:58:32Z,,,18.845972,19.0,32.1028,32.1028,9.8267,3.50162,6.57146,,0.1846,,3156.0
,,,Mike Power,Bay of Fundy,VIC2009057,,,CTD_VIC2009057_031_012_DN,31.0,downward,44.4005,-66.13,2009-11-01T09:58:32Z,2009-11-01T09:58:32Z,,,19.837816,20.0,32.1102,32.1102,9.8238,3.5021338,6.57623,,0.1834,,3174.0
,,,Mike Power,Bay of Fundy,VIC2009057,,,CTD_VIC2009057_031_012_DN,31.0,downward,44.4005,-66.13,2009-11-01T09:58:32Z,2009-11-01T09:58:32Z,,,20.829657,21.0,32.1119,32.1119,9.8229,3.502271,6.5837,,0.1769,,3188.0
,,,Mike Power,Bay of Fundy,VIC2009057,,,CTD_VIC2009057_031_012_DN,31.0,downward,44.4005,-66.13,2009-11-01T09:58:32Z,2009-11-01T09:58:32Z,,,21.821493,22.0,32.1126,32.1126,9.8224,3.5023308,6.5785,,0.1757,,3199.0
,,,Mike Power,Bay of Fundy,VIC2009057,,,CTD_VIC2009057_031_012_DN,31.0,downward,44.4005,-66.13,2009-11-01T09:58:32Z,2009-11-01T09:58:32Z,,,22.813322,23.0,32.1134,32.1134,9.822,3.502412,6.57799,,0.1688,,3216.0
,,,Mike Power,Bay of Fundy,VIC2009057,,,CTD_VIC2009057_031_012_DN,31.0,downward,44.4005,-66.13,2009-11-01T09:58:32Z,2009-11-01T09:58:32Z,,,23.80515,24.0,32.1149,32.1149,9.8207,3.5024934,6.57596,,0.1679,,3230.0
,,,Mike Power,Bay of Fundy,VIC2009057,,,CTD_VIC2009057_031_012_DN,31.0,downward,44.4005,-66.13,2009-11-01T09:58:32Z,2009-11-01T09:58:32Z,,,24.79697,25.0,32.116,32.116,9.8192,3.5025105,6.57961,,0.1747,,3242.0
,,,Mike Power,Bay of Fundy,VIC2009057,,,CTD_VIC2009057_031_012_DN,31.0,downward,44.4005,-66.13,2009-11-01T09:58:32Z,2009-11-01T09:58:32Z,,,25.788786,26.0,32.1152,32.1152,9.8201,3.5025578,6.58049,,0.1837,,3256.0
,,,Mike Power,Bay of Fundy,VIC2009057,,,CTD_VIC2009057_031_012_DN,31.0,downward,44.4005,-66.13,2009-11-01T09:58:32Z,2009-11-01T09:58:32Z,,,26.780598,27.0,32.1145,32.1145,9.8215,3.5026476,6.57917,,0.1677,,3270.0
,,,Mike Power,Bay of Fundy,VIC2009057,,,CTD_VIC2009057_031_012_DN,31.0,downward,44.4005,-66.13,2009-11-01T09:58:32Z,2009-11-01T09:58:32Z,,,27.772404,28.0,32.1167,32.1167,9.8198,3.5027633,6.57534,,0.1785,,3284.0
,,,Mike Power,Bay of Fundy,VIC2009057,,,CTD_VIC2009057_031_012_DN,31.0,downward,44.4005,-66.13,2009-11-01T09:58:32Z,2009-11-01T09:58:32Z,,,28.764206,29.0,32.1165,32.1165,9.8193,3.5027375,6.57551,,0.1967,,3295.0
,,,Mike Power,Bay of Fundy,VIC2009057,,,CTD_VIC2009057_031_012_DN,31.0,downward,44.4005,-66.13,2009-11-01T09:58:32Z,2009-11-01T09:58:32Z,,,29.756002,30.0,32.1163,32.1163,9.8196,3.502793,6.57443,,0.1767,,3310.0
,,,Mike Power,Bay of Fundy,VIC2009057,,,CTD_VIC2009057_031_012_DN,31.0,downward,44.4005,-66.13,2009-11-01T09:58:32Z,2009-11-01T09:58:32Z,,,14.878543,15.0,32.0828,32.0828,9.8288,3.4996676,6.568,,0.1852,,3101.0
,,,Mike Power,Bay of Fundy,VIC2009057,,,CTD_VIC2009057_031_012_UP,31.0,upward,44.4005,-66.13,2009-11-01T09:58:32Z,2009-11-01T09:58:32Z,,,0.99193656,1.0,32.0032,32.0032,9.8289,3.4912634,6.56576,,0.2077,,3725.0
